logEnhancers.DHS.RPM	logEnhancers.H3K27ac.RPM	logDHS.RPM.TSS1kb	logH3K27ac.RPM.TSS1kb	activity_base	promoter_activity	logABC.Score	CellTypes	logEnhancers.DHS.RPM_median_centered	logEnhancers.H3K27ac.RPM_median_centered	logDHS.RPM.TSS1kb_median_centered	logH3K27ac.RPM.TSS1kb_median_centered	activity_base_median_centered	promoter_activity_median_centered	logABC.Score_median_centered
-0.20157441880625004	-0.21086447932735572	0.9994815560273801	0.9965211651761665	-0.2143194891313366	0.9990974997263626	-3806.9875425942655	K562	-0.20157441880625004	-0.21086447932735572	0.9994815560273801	0.9965211651761665	-0.2143194891313366	0.9990974997263626	-3806.9875425942655
0.17392613102829624	0.5678290475719381	-0.2785934846309275	-3.286134875672801	0.37039155873385415	-0.6687798095861005	-5488.509817722558	other	0.17392613102829624	0.5678290475719381	-0.2785934846309275	-3.286134875672801	0.37039155873385415	-0.6687798095861005	-5488.509817722558
0.0	0.0	0.0	0.0	0.0	0.0	0.0	other	0.0	0.0	0.0	0.0	0.0	0.0	0.0
0.37420170825035587	0.710566498634919	-0.31904244131868625	-3.6050075519684057	0.5512469082279513	-0.745354684815096	-5007.589935910294	other	0.37420170825035587	0.710566498634919	-0.31904244131868625	-3.6050075519684057	0.5512469082279513	-0.745354684815096	-5007.589935910294
