logEnhancers.DHS.RPM	logEnhancers.H3K27ac.RPM	logDHS.RPM.TSS1kb	logH3K27ac.RPM.TSS1kb	activity_base	promoter_activity	logABC.Score	CellTypes
-0.7443373223731687	-0.6678576729761078	1.9278487335411045	0.28645256691952947	-0.7060986904489867	1.1070329050423147	-3.806987542594265	K562
0.6422427579203958	1.7984488784898742	-0.5373646900031676	-0.9446079052559357	1.2202949700718257	-0.7410300352493331	-5.48850981772256	other
0.0	0.0	0.0	0.0	0.0	0.0	0.0	other
1.3817839545118877	2.250532141719199	-0.6153846088834101	-1.0362686745776075	1.8161424403885316	-0.8258775167025698	-5.007589935910295	other
